{
  "action_fingerprints": {
    "action_listen": {
      "slots": [
        "location",
        "price"
      ]
    },
    "utter_appraisal.bad": {
      "slots": []
    },
    "utter_ask_location": {
      "slots": []
    },
    "utter_dialog.wrong": {
      "slots": []
    },
    "utter_agent.bridge.causonghan": {
      "slots": []
    },
    "utter_appraisal.good": {
      "slots": []
    },
    "utter_greetings.bye": {
      "slots": []
    },
    "utter_confirmation.cancel": {
      "slots": []
    },
    "utter_agent.right": {
      "slots": []
    },
    "utter_agent.danangcobaonhieucaycau": {
      "slots": []
    },
    "utter_dialog.sorry": {
      "slots": []
    },
    "utter_agent.whatisdanang": {
      "slots": []
    },
    "utter_agent.bridge.caunguyenvantroi": {
      "slots": []
    },
    "utter_emotions.ha_ha": {
      "slots": []
    },
    "utter_agent.sure": {
      "slots": []
    },
    "utter_confirmation.no": {
      "slots": []
    },
    "utter_confirmation.yes": {
      "slots": []
    },
    "utter_appraisal.thank_you": {
      "slots": []
    },
    "utter_agent.bridge.caurong": {
      "slots": []
    },
    "utter_agent.bridge.cautranthily": {
      "slots": []
    },
    "utter_agent.bridge.cauthuanphuoc": {
      "slots": []
    }
  },
  "rasa_core": "0.11.3",
  "python": "3.6.7",
  "max_histories": [
    3,
    5
  ],
  "ensemble_name": "rasa_core.policies.ensemble.SimplePolicyEnsemble",
  "policy_names": [
    "rasa_core.policies.memoization.MemoizationPolicy",
    "rasa_core.policies.keras_policy.KerasPolicy"
  ]
}