{"py/object": "rasa_core.featurizers.MaxHistoryTrackerFeaturizer", "max_history": 5, "remove_duplicates": true, "state_featurizer": {"py/object": "rasa_core.featurizers.BinarySingleStateFeaturizer", "input_state_map": {"entity_location": 21, "entity_price": 22, "intent_agent.bridge.caunguyenvantroi": 0, "intent_agent.bridge.caurong": 1, "intent_agent.bridge.causonghan": 2, "intent_agent.bridge.cauthuanphuoc": 3, "intent_agent.bridge.cautranthily": 4, "intent_agent.danangcobaonhieucaycau": 5, "intent_agent.inform": 6, "intent_agent.request_suggest_near_location": 7, "intent_agent.right": 8, "intent_agent.sure": 9, "intent_agent.whatisdanang": 10, "intent_appraisal.bad": 11, "intent_appraisal.good": 12, "intent_appraisal.thank_you": 13, "intent_confirmation.cancel": 14, "intent_confirmation.no": 15, "intent_confirmation.yes": 16, "intent_dialog.sorry": 17, "intent_dialog.wrong": 18, "intent_emotions.ha_ha": 19, "intent_greetings.bye": 20, "prev_action_default_fallback": 27, "prev_action_listen": 25, "prev_action_restart": 26, "prev_utter_agent.bridge.caunguyenvantroi": 45, "prev_utter_agent.bridge.caurong": 43, "prev_utter_agent.bridge.causonghan": 44, "prev_utter_agent.bridge.cauthuanphuoc": 46, "prev_utter_agent.bridge.cautranthily": 42, "prev_utter_agent.danangcobaonhieucaycau": 41, "prev_utter_agent.right": 28, "prev_utter_agent.sure": 29, "prev_utter_agent.whatisdanang": 40, "prev_utter_appraisal.bad": 30, "prev_utter_appraisal.good": 31, "prev_utter_appraisal.thank_you": 32, "prev_utter_ask_location": 47, "prev_utter_ask_moreupdates": 50, "prev_utter_ask_price": 48, "prev_utter_confirmation.cancel": 38, "prev_utter_confirmation.no": 39, "prev_utter_confirmation.yes": 37, "prev_utter_dialog.sorry": 33, "prev_utter_dialog.wrong": 34, "prev_utter_emotions.ha_ha": 35, "prev_utter_greetings.bye": 36, "prev_utter_suggest_location_haichau": 49, "slot_location_0": 23, "slot_price_0": 24}, "num_features": 51, "slot_feature_len": 2, "user_feature_len": 23}, "use_intent_probabilities": false}